LINE,ZONA
0,0
01,01
02,01
03,14
04,14
05,14
06,14
07,02
08,02
09,02
10,02
11,02
12,02
13,03
14,03
15,03
16,03
17,03
18,03
19,04
20,04
21,04
22,04
23,04
24,04
25,05
26,05
27,05
28,05
29,06
30,06
31,06
32,06
33,15
34,15
35,07
36,07
37,07
38,07
39,07
40,07
41,07
42,07
43,08
44,08
45,08
46,08
47,08
48,08
49,08
50,08
51,09
52,09
53,09
54,09
55,09
56,09
57,12
58,12
59,13
99,0
A1,0
AA,0
AB,0
AC,0
AD,0
AE,0
AF,0
AG,0
AH,0
AI,10
AJ,10
AK,10
AL,11
AM,11
AN,11
AO,11
AP,0
AQ,0
AR,0
AS,0
AT,0
AU,0
AV,0
AW,0
AX,0
AY,0
AZ,0
B1,0
VC,0
ZA,0
ZB,0
ZC,0
ZD,0
ZP,0
ZZ,0
